	insert into Patient values (111111111, 'Ana', 'Porto');
	insert into Patient values (222222222,'Beatriz','Lisboa');
	insert into Patient values (333333333, 'Xavier', 'Faro');
	insert into Patient values (444444444, 'Pedro', 'Porto');
	insert into Patient values (555555555, 'Ana', 'Lisboa');
	insert into Patient values (666666666, 'Maria', 'Faro');

	insert into PAN values ('www.ist1111.com',911111111);
	insert into PAN values ('www.ist2222.com',922222222);
	insert into PAN values ('www.ist3333.com',933333333);
	insert into PAN values ('www.ist4444.com',944444444);
	insert into PAN values ('www.ist5555.com',955555555);
	insert into PAN values ('www.ist6666.com',966666666);
	insert into PAN values ('www.ist7777.com',977777777);

	insert into Device values ('A1111', 'Ola','blood pressure');
	insert into Device values ('A2222', 'Ola','scale');
	insert into Device values ('A3333', 'Ola','blood pressure');
	insert into Device values ('A4444', 'Ola','scale');
	insert into Device values ('A5555', 'Ola','scale');
	insert into Device values ('B1111', 'Aki','scale');
	insert into Device values ('B2222', 'Aki','blood pressure');
	insert into Device values ('B3333', 'Aki','scale');
	insert into Device values ('B4444', 'Aki','blood pressure');
	insert into Device values ('B5555', 'Aki','scale');
	insert into Device values ('C1111', 'Philips','scale');
	insert into Device values ('C2222', 'Philips','blood pressure');
	insert into Device values ('C3333', 'Philips','blood pressure');
	insert into Device values ('C4444', 'Philips','scale');
	insert into Device values ('C5555', 'Philips','scale');

	insert into Sensor values ('A1111', 'Ola','mmHg');
	insert into Sensor values ('A2222', 'Ola','Kg');
	insert into Sensor values ('A3333', 'Ola','mmHg');
	insert into Sensor values ('A4444', 'Ola','Kg');
	insert into Sensor values ('B1111', 'Aki','Kg');
	insert into Sensor values ('B2222', 'Aki','mmHg');
	insert into Sensor values ('B3333', 'Aki','Kg');
	insert into Sensor values ('B4444', 'Aki','mmHg');
	insert into Sensor values ('C1111', 'Philips','Kg');
	insert into Sensor values ('C2222', 'Philips','mmHg');
	insert into Sensor values ('C4444', 'Philips','Kg');

	insert into Actuator values ('A1111', 'Ola','mg/dl');
	insert into Actuator values ('A3333', 'Ola','mg/dl');
	insert into Actuator values ('A5555', 'Ola','mg/dl');
	insert into Actuator values ('B2222', 'Aki','mg/dl');
	insert into Actuator values ('B5555', 'Aki','mg/dl');
	insert into Actuator values ('C2222', 'Philips','mg/dl');
	insert into Actuator values ('C3333', 'Philips','mg/dl');
	insert into Actuator values ('C5555', 'Philips','mg/dl');

	insert into Municipality values (11111, 'Porto');
	insert into Municipality values (22222, 'Lisboa');
	insert into Municipality values (33333, 'Faro');

	insert into Period values ('2014-01-20 00:00:00','2014-06-10 00:00:00');
	insert into Period values ('2014-06-20 00:00:00','2099-01-01 00:00:00');
	insert into Period values ('2015-10-30 00:00:00','2099-01-01 00:00:00');
	insert into Period values ('2015-01-10 00:00:00','2015-02-22 00:00:00');
	insert into Period values ('2014-12-30 00:00:00','2099-01-01 00:00:00');
	insert into Period values ('2014-12-01 00:00:00','2099-01-01 00:00:00');
	insert into Period values ('2015-02-11 00:00:00','2015-03-11 00:00:00');
	insert into Period values ('2014-01-01 00:00:00','2014-03-02 00:00:00');
	insert into Period values ('2014-08-09 00:00:00','2099-01-01 00:00:00');
	insert into Period values ('2014-02-23 00:00:00','2014-06-10 00:00:00');
	insert into Period values ('2014-02-20 00:00:00','2014-06-10 00:00:00');
	insert into Period values ('2014-02-28 00:00:00','2014-06-10 00:00:00');
	insert into Period values ('2014-06-20 00:00:00','2015-01-10 00:00:00');
	insert into Period values ('2014-06-10 00:00:00','2015-01-10 00:00:00');
	insert into Period values ('2014-06-10 00:00:00','2099-01-01 00:00:00');
	insert into Period values ('2015-01-10 00:00:00','2099-01-01 00:00:00');
	insert into Period values ('2015-03-11 00:00:00','2099-01-01 00:00:00');
	insert into Period values ('2014-01-30 00:00:00','2014-06-10 00:00:00');
	insert into Period values ('2015-02-02 00:00:00','2099-01-01 00:00:00');
	insert into Period values ('2015-11-01 00:00:00','2099-01-01 00:00:00');
	insert into Period values ('2015-11-08 00:00:00','2099-01-01 00:00:00');
	insert into Period values ('2015-11-10 00:00:00','2099-01-01 00:00:00');
	insert into Period values ('2015-11-12 00:00:00','2099-01-01 00:00:00');
	insert into Period values ('2015-11-17 00:00:00','2099-01-01 00:00:00');
	insert into Period values ('2015-11-19 00:00:00','2099-01-01 00:00:00');

	insert into Reading values ('A1111'	,'Ola'		,'2014-01-20 00:00:00'	,10.1);
	insert into Reading values ('A1111'	,'Ola'		,'2014-12-01 00:00:00'	,20.8);
	insert into Reading values ('A1111'	,'Ola'		,'2015-01-10 00:00:00'	,1.2);
	insert into Reading values ('A1111'	,'Ola'		,'2015-02-11 00:00:00'	,2.1);
	insert into Reading values ('A1111'	,'Ola'		,'2015-11-08 00:00:00'	,4.9);
	insert into Reading values ('A2222'	,'Ola'		,'2014-01-01  00:00:00'	,22);
	insert into Reading values ('A2222'	,'Ola'		,'2014-06-20 00:00:00'	,33);
	insert into Reading values ('A2222'	,'Ola'		,'2015-11-12 00:00:00'	,44);
	insert into Reading values ('A3333'	,'Ola'		,'2014-06-10 00:00:00'	,40);
	insert into Reading values ('A3333'	,'Ola'		,'2014-06-20 00:00:00'	,63);
	insert into Reading values ('A3333'	,'Ola'		,'2015-02-22 00:00:00'	,41);
	insert into Reading values ('A3333'	,'Ola'		,'2015-11-10 00:00:00'	,45);
	insert into Reading values ('A4444'	,'Ola'		,'2014-01-01 00:00:00'	,61);
	insert into Reading values ('A4444'	,'Ola'		,'2014-06-20 00:00:00'	,37);
	insert into Reading values ('A4444'	,'Ola'		,'2015-11-17 00:00:00'	,54);
	insert into Reading values ('B1111'	,'Aki'		,'2014-03-02 00:00:00'	,22);
	insert into Reading values ('B1111'	,'Aki'		,'2014-06-10 00:00:00'	,33);
	insert into Reading values ('B1111'	,'Aki'		,'2015-02-22 00:00:00'	,11);
	insert into Reading values ('B2222'	,'Aki'		,'2014-01-20 00:00:00'	,10);
	insert into Reading values ('B2222'	,'Aki'		,'2014-02-23 00:00:00'	,9);
	insert into Reading values ('B2222'	,'Aki'		,'2014-06-20 00:00:00'	,8);
	insert into Reading values ('B2222'	,'Aki'		,'2014-12-01 00:00:00'	,12);
	insert into Reading values ('B2222'	,'Aki'		,'2015-11-01 00:00:00'	,11);
	insert into Reading values ('B3333'	,'Aki'		,'2014-08-09 00:00:00'	,1.2);
	insert into Reading values ('B3333'	,'Aki'		,'2015-01-10 00:00:00'	,11);
	insert into Reading values ('B3333'	,'Aki'		,'2015-11-19 00:00:00'	,22);
	insert into Reading values ('B4444'	,'Aki'		,'2014-08-09 00:00:00'	,23);
	insert into Reading values ('B4444'	,'Aki'		,'2015-01-10 00:00:00'	,28);
	insert into Reading values ('B4444'	,'Aki'		,'2015-03-11 00:00:00'	,29);
	insert into Reading values ('C1111'	,'Philips'	,'2014-08-09 00:00:00'	,10);
	insert into Reading values ('C1111'	,'Philips'	,'2015-01-10 00:00:00'	,5);
	insert into Reading values ('C1111'	,'Philips'	,'2015-03-11 00:00:00'	,9);
	insert into Reading values ('C2222'	,'Philips'	,'2014-03-02 00:00:00'	,22);
	insert into Reading values ('C2222'	,'Philips'	,'2015-11-12 00:00:00'	,33);
	insert into Reading values ('C4444'	,'Philips'	,'2014-06-10 00:00:00'	,30);
	insert into Reading values ('C4444'	,'Philips'	,'2015-11-19 00:00:00'	,30);

	insert into Setting values ('A1111'	,'Ola'		,'2014-01-20 00:00:00'	,5.1);
	insert into Setting values ('A1111'	,'Ola'		,'2014-12-01 00:00:00'	,20.1);
	insert into Setting values ('A1111'	,'Ola'		,'2015-10-30 00:00:00'	,30.1);
	insert into Setting values ('A3333'	,'Ola'		,'2014-06-10 00:00:00'	,31);	
	insert into Setting values ('A3333'	,'Ola'		,'2015-11-19 00:00:00'	,27);
	insert into Setting values ('A5555'	,'Ola'		,'2015-03-11 00:00:00'	,30.9);
	insert into Setting values ('A5555'	,'Ola'		,'2015-11-01 00:00:00'	,28.9);
	insert into Setting values ('B2222'	,'Aki'		,'2014-01-20 00:00:00'	,12);
	insert into Setting values ('B2222'	,'Aki'		,'2014-12-01 00:00:00'	,3);
	insert into Setting values ('B2222'	,'Aki'		,'2015-11-12 00:00:00'	,4);
	insert into Setting values ('B5555'	,'Aki'		,'2015-12-01 00:00:00'	,3);
	insert into Setting values ('B5555'	,'Aki'		,'2015-02-22 00:00:00'	,11);
	insert into Setting values ('C2222'	,'Philips'	,'2014-03-02 00:00:00'	,43);
	insert into Setting values ('C2222'	,'Philips'	,'2015-11-17 00:00:00'	,65);
	insert into Setting values ('C3333'	,'Philips'	,'2014-01-01 00:00:00'	,90);
	insert into Setting values ('C3333'	,'Philips'	,'2015-11-19 00:00:00'	,66);
	insert into Setting values ('C5555'	,'Philips'	,'2014-01-20 00:00:00'	,43);
	insert into Setting values ('C5555'	,'Philips'	,'2014-06-10 00:00:00'	,38);
	insert into Setting values ('C5555'	,'Philips'	,'2015-11-08 00:00:00'	,39);

	insert into Wears values ('2014-01-20 00:00:00'	,'2014-06-10 00:00:00'	,111111111	,'www.ist1111.com');
	insert into Wears values ('2014-06-20 00:00:00'	,'2099-01-01 00:00:00'	,111111111	,'www.ist4444.com');
	insert into Wears values ('2015-01-10 00:00:00'	,'2015-02-22 00:00:00'	,222222222	,'www.ist2222.com');
	insert into Wears values ('2015-10-30 00:00:00'	,'2099-01-01 00:00:00'	,222222222	,'www.ist5555.com');
	insert into Wears values ('2014-01-01 00:00:00'	,'2014-03-02 00:00:00'	,333333333	,'www.ist3333.com');
	insert into Wears values ('2014-12-30 00:00:00'	,'2099-01-01 00:00:00'	,333333333	,'www.ist6666.com');
	insert into Wears values ('2014-01-30 00:00:00'	,'2014-06-10 00:00:00'	,444444444	,'www.ist5555.com');
	insert into Wears values ('2015-02-11 00:00:00'	,'2015-03-11 00:00:00'	,444444444	,'www.ist1111.com');
	insert into Wears values ('2015-10-30 00:00:00'	,'2099-01-01 00:00:00'	,444444444	,'www.ist7777.com');
	insert into Wears values ('2014-01-01 00:00:00'	,'2014-03-02 00:00:00'	,555555555	,'www.ist4444.com');
	insert into Wears values ('2014-12-30 00:00:00'	,'2099-01-01 00:00:00'	,555555555	,'www.ist3333.com');

	insert into Lives values ('2014-02-23 00:00:00'	,'2014-06-10 00:00:00'	,111111111	,33333);
	insert into Lives values ('2014-06-10 00:00:00'	,'2099-01-01 00:00:00'	,111111111	,11111);	
	insert into Lives values ('2014-02-28 00:00:00'	,'2014-06-10 00:00:00'	,222222222	,11111);
	insert into Lives values ('2014-06-10 00:00:00'	,'2015-01-10 00:00:00'	,222222222	,33333);
	insert into Lives values ('2015-01-10 00:00:00'	,'2099-01-01 00:00:00'	,222222222	,22222);
	insert into Lives values ('2015-01-10 00:00:00'	,'2099-01-01 00:00:00'	,333333333	,33333);
	insert into Lives values ('2015-02-11 00:00:00'	,'2015-03-11 00:00:00'	,444444444	,33333);
	insert into Lives values ('2015-03-11 00:00:00'	,'2099-01-01 00:00:00'	,444444444	,11111);
	insert into Lives values ('2015-02-11 00:00:00'	,'2015-03-11 00:00:00'	,555555555	,11111);	
	insert into Lives values ('2015-03-11 00:00:00'	,'2099-01-01 00:00:00'	,555555555	,22222);
	insert into Lives values ('2014-06-20 00:00:00'	,'2099-01-01 00:00:00'	,666666666	,33333);

	insert into Connects values('2014-01-20 00:00:00'	,'2014-06-10 00:00:00'	,'C1111'	,'Philips'	,'www.ist1111.com');
	insert into Connects values('2014-02-20 00:00:00'	,'2014-06-10 00:00:00'	,'A3333'	,'Ola'		,'www.ist1111.com');
	insert into Connects values('2014-02-23 00:00:00'	,'2014-06-10 00:00:00'	,'B2222'	,'Aki'		,'www.ist1111.com');
	insert into Connects values('2014-02-28 00:00:00'	,'2014-06-10 00:00:00'	,'B3333'	,'Aki'		,'www.ist1111.com');
	insert into Connects values('2014-06-20 00:00:00'	,'2099-01-01 00:00:00'	,'C2222'	,'Philips'	,'www.ist4444.com');
	insert into Connects values('2015-01-10 00:00:00'	,'2015-02-22 00:00:00'	,'C3333'	,'Philips'	,'www.ist2222.com');
	insert into Connects values('2015-10-30 00:00:00'	,'2099-01-01 00:00:00'	,'A1111'	,'Ola'		,'www.ist5555.com');
	insert into Connects values('2014-01-01 00:00:00'	,'2014-03-02 00:00:00'	,'A1111'	,'Ola'		,'www.ist3333.com');
	insert into Connects values('2014-01-01 00:00:00'	,'2014-03-02 00:00:00'	,'B1111'	,'Aki'		,'www.ist3333.com');
	insert into Connects values('2014-12-30 00:00:00'	,'2099-01-01 00:00:00'	,'A2222'	,'Ola'		,'www.ist6666.com');
	insert into Connects values('2015-10-30 00:00:00'	,'2099-01-01 00:00:00'	,'C5555'	,'Philips'	,'www.ist6666.com');
	insert into Connects values('2014-01-20 00:00:00'	,'2014-06-10 00:00:00'	,'B4444'	,'Aki'		,'www.ist5555.com');
	insert into Connects values('2015-02-11 00:00:00'	,'2015-03-11 00:00:00'	,'C1111'	,'Philips'	,'www.ist1111.com');
	insert into Connects values('2015-10-30 00:00:00'	,'2099-01-01 00:00:00'	,'A4444'	,'Ola'		,'www.ist7777.com');
	insert into Connects values('2014-01-01 00:00:00'	,'2014-03-02 00:00:00'	,'C4444'	,'Philips'	,'www.ist4444.com');
	insert into Connects values('2014-01-01 00:00:00'	,'2014-03-02 00:00:00'	,'B5555'	,'Aki'		,'www.ist4444.com');
	insert into Connects values('2014-12-30 00:00:00'	,'2099-01-01 00:00:00'	,'A5555'	,'Ola'		,'www.ist3333.com');